Name	Type	SaveFileId	Alternate ID	TODO
Trophy (Park Row, Fly Through Wall)	Riddler Trophies	PickedUp_OWA_Pickup_32		
Rescue Jack Ryder	Political Prisoner	ArkhamBullyR2_JackRyder_Saved		
Rescue Catwoman	Main Story	TwofaceObjectionFinished		
Azrael (near courthouse)	Azrael	SS_Azrael_A6_Glyph3		
Zsasz start/Church	Main Story	Ch2_Church_HarleyGone		
Trophy (Church, Confessional)	Riddler Trophies	PickedUp_OWA_Pickup_19		
Trophy (Church, Near Entrance)	Riddler Trophies	PickedUp_OWA_Pickup_16		
Trophy (Church, Path to Belltower)	Riddler Trophies	PickedUp_OWA_Pickup_17		
Trophy (Park Row, QuestionMark After Belltower)	Riddler Trophies	PickedUp_OWA_Pickup_11		
Trophy (Industrial, next to phone [get with Zsasz call])	Riddler Trophies	PickedUp_OWC_Pickup_6		
AR Training 1	AR Training	ARChallenge1_Complete		
AR Training 2	AR Training	ARChallenge2_Complete		
AR Training 3	AR Training	ARChallenge3_Complete		
AR Training 4	AR Training	ARChallenge4_Complete		
Trophy (Industrial, 13524 43152 35214)	Riddler Trophies	PickedUp_OWB_Pickup_31		
Grapnel Boost	AR Training	ARChallenge_Grapple_Boost_Collected		
Trophy (Industrial, Running Questionmarks)	Riddler Trophies	PickedUp_OWC_Pickup_5		
Trophy (Industrial, Tricorner building glide)	Riddler Trophies	PickedUp_OWC_Pickup_22		
Trophy (Steel Mill, Entrance)	Riddler Trophies	PickedUp_Steel_Pickup_1		
Trophy (Steel Mill, Smelting Chamber in Pipe)	Riddler Trophies	PickedUp_Steel_Pickup_14 		
Trophy (Steel Mill, Center of Smelting Chamber)	Riddler Trophies	PickedUp_Steel_Pickup_12		
Trophy (Steel Mill, Wall Behind Smelting Office)	Riddler Trophies	PickedUp_Steel_Pickup_13		
Harley Head (Steel Mill, Smelting Office)	Harley Head	PickedUp_Steel_HarleyHead_7		
Harley Head (Steel Mill, Assembly Line before loading bay)	Harley Head	PickedUp_Steel_HarleyHead_4		
Trophy (Industrial, Side of Steel Mill)	Riddler Trophies	PickedUp_OWC_Pickup_26		
Trophy (Industrial, Steel Mill Gel)	Riddler Trophies	PickedUp_OWC_Pickup_27		
Trophy (Industrial, 2 switches near ferris wheel and caged mines)	Riddler Trophies	PickedUp_OWC_Pickup_15		
Trophy (Industrial, cage mines)	Riddler Trophies	PickedUp_OWC_Pickup_16		
Trophy (Industrial, Ferris Wheel)	Riddler Trophies	PickedUp_OWC_Pickup_12		
Azrael (Ferris Wheel)	Azrael	SS_Azrael_C3_Glyph2a	SS_Azrael_C3_Glyph2b	
Trophy (Industrial, Timed Switch near Ferris Wheel)	Riddler Trophies	PickedUp_OWC_Pickup_14		
Trophy (Amusement, Rec Gun Ball Next to Deadshot Victim)	Riddler Trophies	PickedUp_OWB_Pickup_19		
Deadshot Victim 1	Deadshot	SS_DeadShot_Hobo1Dead		
Trophy (Amusement, GCR)	Riddler Trophies	PickedUp_OWB_Pickup_20		
Trophy (Amusement, Gliding Switches)	Riddler Trophies	PickedUp_OWB_Pickup_27		
Trophy (Industrial, Lower Crane)	Riddler Trophies	PickedUp_OWC_Pickup_1		
Deadshot Casing Found	Deadshot	SS_DeadShot_Hobo1_BulletCasingScanned		
Trophy (Amusement, 3 buttons)	Riddler Trophies	PickedUp_OWB_Pickup_32		
Trophy (Amusement, Raise Crane)	Riddler Trophies	PickedUp_OWB_Pickup_33		
AR Challenge 7	AR Training	ARChallenge7_Complete		
Start Bane	Bane	SS_Bane_FirstConvo		
Trophy (Amusement, Bane Room)	Riddler Trophies	PickedUp_OWB_Pickup_34		
Trophy (Amusement, GCPD Gel Door)	Riddler Trophies	PickedUp_OWB_Pickup_21		
Trophy (Amusement, 6 question mark gel)	Riddler Trophies	PickedUp_OWB_Pickup_13		
Riddler Church	Riddler Mission	SS_Riddler_OrganScanned		
Aaron Cash Riddle	Riddles	PickedUp_OWA_Riddle_7		
Ivy Plant Shop Riddle	Riddles	PickedUp_OWA_Riddle_9		
Tyger Vault Riddle	Riddles	PickedUp_OWA_Riddle_8		
Jezebel Center Riddle	Riddles	PickedUp_OWE_Riddle_11		
Trophy (Park Row, Dive Shockwave)	Riddler Trophies	PickedUp_OWA_Pickup_28		
Trophy (Bowery, Corner Building near shockwave dive)	Riddler Trophies	PickedUp_OWE_Pickup_10		
Trophy (Bowery, Rec gun gate in Alley)	Riddler Trophies	PickedUp_OWE_Pickup_13		
Trophy (Bowery, Glide to Wall under Museum)	Riddler Trophies	PickedUp_OWE_Pickup_27		
Trophy (Bowery, Other wall under museum)	Riddler Trophies	PickedUp_OWE_Pickup_26		
Hat Shop Riddle	Riddles	PickedUp_OWE_Riddle_4		
Penguin (Museum, right of entrance)	Penguins	PickedUp_Museum_Penguin_1		
Bruce Wayne Riddle	Riddles	PickedUp_OWE_Riddle_7		
Jammer 1	Main Story	Ch3c_OW_E5_Jammer_Panel_3		
Trophy (Bowery, Bridge next to Jammer)	Riddler Trophies	PickedUp_OWE_Pickup_11		
Trophy (Bowery, Timed Slide)	Riddler Trophies	PickedUp_OWE_Pickup_9		
Jammer 2	Main Story	Ch3c_OW_A8_Jammer_Panel_3		
Jammer 3	Main Story	Ch3c_OW_D3_Jammer_Panel_3		
Trophy (Bowery, Brainpower hack near subway)	Riddler Trophies	PickedUp_OWE_Pickup_35		
Wonder Tower Riddle	Riddles	PickedUp_OWE_Riddle_2		
Trophy (Bowery, Subway car)	Riddler Trophies	PickedUp_OWE_Pickup_15		
Maroni Riddle	Riddles	PickedUp_OWE_Riddle_3		
Trophy (Bowery, Gel Mine)	Riddler Trophies	PickedUp_OWE_Pickup_16		
Trophy (Bowery, 3 switches near hush body)	Riddler Trophies	PickedUp_OWE_Pickup_33		
Hush 1	Hush	SS_Hush_Victim1_HoboConv		
Trophy (Bowery, Remote Batarang Vent)	Riddler Trophies	PickedUp_OWE_Pickup_31		
Trophy (Bowery, 3 switches gliding)	Riddler Trophies	PickedUp_OWE_Pickup_30		
Trophy (Bowery, Gel Wall after 3 switches)	Riddler Trophies	PickedUp_OWE_Pickup_29		
Titan Container (Bowery, Near Subway)	Bane	OW_E6_ChB19.RTitanCrate_6.Broken		
Trophy (Museum, Left of entrance)	Riddler Trophies	PickedUp_Museum_Pickup_1		
Trophy (Museum, Gel Wall Dino Room)	Riddler Trophies	PickedUp_Museum_Pickup_2		
Trophy (Museum, Dino Room Ceiling)	Riddler Trophies	PickedUp_Museum_Pickup_3		
Penguin (Museum, Freeze Room Lobby)	Penguins	PickedUp_Museum_Penguin_8		
Hyena Riddle	Riddles	PickedUp_Museum_Riddle_4		
Penguin (Museum, Path to Predator)	Penguins	PickedUp_Museum_Penguin_7		
Trophy (Museum, Rec gun path to Predator)	Riddler Trophies	PickedUp_Museum_Pickup_13		
Penguin (Museum, Center Predator Room)	Penguins	PickedUp_Museum_Penguin_9		
Penguin (Museum, Right of Center Predator Room)	Penguins	PickedUp_Museum_Penguin_10		
Grundy Fight	Main Story	CH4_Museum_C1_NinjasBlood		
Penguin (Museum, Dino Room)	Penguins	PickedUp_Museum_Penguin_2		
Trophy (Bowery, Building Left Across from Museum)	Riddler Trophies	PickedUp_OWE_Pickup_17		
Demon Seal (Wonder, Elevator)	Demon Seals	PickedUp_Underworld_DemonSeal_1		
Globe Riddle	Riddles	PickedUp_Underworld_Riddle_2		
Trophy (Wonder Tower, Gel East Elevator Room)	Riddler Trophies	PickedUp_Underworld_Pickup_11		
Trophy (Wonder Tower, East lower level)	Riddler Trophies	PickedUp_Underworld_Pickup_10		
Demon Seal (Wonder, West Elevator Room)	Demon Seals	PickedUp_Underworld_DemonSeal_12		
Demon Seal (Wonder, Wonder City Entrance)	Demon Seals	PickedUp_Underworld_DemonSeal_2		
Demon Seal (Wonder, Wonder City Corridor)	Demon Seals	PickedUp_Underworld_DemonSeal_4		
Demon Seal (Wonder, Wonder City Corridor)	Demon Seals	PickedUp_Underworld_DemonSeal_3		
Demon Seal (Wonder, Wonder City end of Corridor)	Demon Seals	PickedUp_Underworld_DemonSeal_5		
Trophy (Wonder, Line Launch 3 Switches)	Riddler Trophies	PickedUp_Underworld_Pickup_18		
Trophy (Wonder, Right of Corridor near Robot)	Riddler Trophies	PickedUp_Underworld_Pickup_19		
Gotham City Times Riddle	Riddles	PickedUp_Underworld_Riddle_3		
Trophy (Wonder, Stroller)	Riddler Trophies	PickedUp_Underworld_Pickup_22		
Trophy (Wonder, Across Question Mark)	Riddler Trophies	PickedUp_Underworld_Pickup_21		
Trophy (Wonder, Questionmark Gel)	Riddler Trophies	PickedUp_Underworld_Pickup_20		
Statue Riddle	Riddles	PickedUp_Underworld_Riddle_5		
Demon Seal (Wonder, By Exit Door)	Demon Seals	PickedUp_Underworld_DemonSeal_8		
Demon Seal (Wonder, By Exit Door)	Demon Seals	PickedUp_Underworld_DemonSeal_7		
Trophy (Wonder, Left Chamber Door)	Riddler Trophies	PickedUp_Underworld_Pickup_24		
Grundy Riddle	Riddles	PickedUp_Underworld_Riddle_4		
Demon Seal (Wonder, Pothole)	Demon Seals	PickedUp_Underworld_DemonSeal_6		
Quincy Sharp Riddle	Riddles	PickedUp_OWE_Riddle_5		
Azrael (Bowery)	Azrael	SS_Azrael_E6_Glyph4	SS_Azrael_E6_Glyph5	
Trophy (Bowery, Fly Wood Wall near City Wall)	Riddler Trophies	PickedUp_OWE_Pickup_18		
Trophy (Bowery, Gel Wall Near Ace)	Riddler Trophies	PickedUp_OWE_Pickup_20		
Trophy (Park Row, Timed Gargoyle)	Riddler Trophies	PickedUp_OWA_Pickup_34		
Terror Movie Riddle	Riddles	PickedUp_OWA_Riddle_12		
Crime Alley Riddle	Riddles	PickedUp_OWA_Riddle_13		
Trophy (Park Row, 5 question marks)	Riddler Trophies	PickedUp_OWA_Pickup_35		
Trophy (Park Row, Roof Punch Wood Wall)	Riddler Trophies	PickedUp_OWA_Pickup_26		
Trophy (Park Row, Remote Batarang Vent)	Riddler Trophies	PickedUp_OWA_Pickup_25		
Hush 2 (next to trophy) (do zsasz call after by dent riddle)	Hush	SS_Hush_Victim2_SceneComplete		
Olympus Riddle	Riddles	PickedUp_OWB_Riddle_6		
Trophy (Amusement, Olympus)	Riddler Trophies	PickedUp_OWB_Pickup_17		
Trophy (Amusement, Red Green Switch in front of Bane)	Riddler Trophies	PickedUp_OWB_Pickup_18		
Trophy (GCPD, Hack Door)	Riddler Trophies	PickedUp_OWB_Pickup_38		
Trophy (GCPD, Electric Batarang)	Riddler Trophies	PickedUp_OWB_Pickup_36		
Trophy (GCPD, Switches)	Riddler Trophies	PickedUp_OWB_Pickup_35		
Trophy (GCPD, Morgue Freeze Grenade)	Riddler Trophies	PickedUp_OWB_Pickup_37		
Trophy (Amusement, Outside GCPD Hack)	Riddler Trophies	PickedUp_OWB_Pickup_23		
Trophy (Amusement, Roof next to GCPD)	Riddler Trophies	PickedUp_OWB_Pickup_16		
Circus Riddle	Riddles	PickedUp_OWB_Riddle_4		
Rescue Vicki Vale	Main Story	Ch6_OW_R7_Vicki_Vale_Rescued		
Trophy (Amusement, 2 wood walls near Vicki)	Riddler Trophies	PickedUp_OWB_Pickup_5		
Azrael (Amusement)	Azrael	SS_Azrael_B4_Glyph1		
Trophy (Amusement, Timed Question Marks on Water)	Riddler Trophies	PickedUp_OWB_Pickup_12		
Trophy (Park Row, Freeze Nade [with zsasz call])	Riddler Trophies	PickedUp_OWA_Pickup_33		
Trophy (Park Row, Under Car Near Beginning  [with zsasz call])	Riddler Trophies	PickedUp_OWA_Pickup_31		
Trophy (Bowery, Lower Level Near Back of Museum Phone)	Riddler Trophies	PickedUp_OWE_Pickup_12		
Trophy (Bowery, Hack Near Back Museum Phone)	Riddler Trophies	PickedUp_OWE_Pickup_8		
Trophy (Bowery, Back Museum Statue)	Riddler Trophies	PickedUp_OWE_Pickup_6		
Umbrella Cop Riddle	Riddles	PickedUp_Museum_Riddle_8		
Top Hats Riddle	Riddles	PickedUp_Museum_Riddle_7		
Trophy (Back Museum, Mines)	Riddler Trophies	PickedUp_Museum_Pickup_20		
Penguin (Back Museum, Table)	Penguins	PickedUp_Museum_Penguin_12		
Penguin (Back Museum, Table)	Penguins	PickedUp_Museum_Penguin_11		
Trophy (Bowery, 3 gel question marks near Back Museum)	Riddler Trophies	PickedUp_OWE_Pickup_1		
Trophy (Bowery, Gel Behind City Wall)	Riddler Trophies	PickedUp_OWE_Pickup_5		
Trophy (Bowery, Hack Monorail Car)	Riddler Trophies	PickedUp_OWE_Pickup_24		
Puppet Riddle (Museum)	Riddles	PickedUp_Museum_Riddle_2		
Penguin (Museum, Behind Grate)	Penguins	PickedUp_Museum_Penguin_4		
Trophy (Museum, Behind Grate Disruptor)	Riddler Trophies	PickedUp_Museum_Pickup_5		
Trophy (Museum, Hack Near Dino Skeleton)	Riddler Trophies	PickedUp_Museum_Pickup_4		
Penguin (Museum, Next to dino skeleton hack)	Penguins	PickedUp_Museum_Penguin_3		
Trophy (Museum, Line Launch Ceiling)	Riddler Trophies	PickedUp_Museum_Pickup_6		
Trophy (Museum, Right below line launch ceiling)	Riddler Trophies	PickedUp_Museum_Pickup_21		
Penguin Family Riddle	Riddles	PickedUp_Museum_Riddle_3		
Penguin (Museum, Gladiator Pit Right)	Penguins	PickedUp_Museum_Penguin_5		
Penguin (Museum, Gladiator Pit Cage)	Penguins	PickedUp_Museum_Penguin_6		
Trophy (Museum, Elevator Gel)	Riddler Trophies	PickedUp_Museum_Pickup_7		
Trophy (Museum, Pipe over Wonder City posters)	Riddler Trophies	PickedUp_Museum_Pickup_8		
Museum Question Mark Riddle	Riddles	PickedUp_Museum_Riddle_1		
Trophy (Museum, Pipe under water room entrance)	Riddler Trophies	PickedUp_Museum_Pickup_10		
Trophy (Museum, Predator Room Right Upper)	Riddler Trophies	PickedUp_Museum_Pickup_19		
Trophy (Museum, Floor grate)	Riddler Trophies	PickedUp_Museum_Pickup_16		
Trophy (Museum, Freeze Nade Vent)	Riddler Trophies	PickedUp_Museum_Pickup_18		
Skeleton Riddle	Riddles	PickedUp_Museum_Riddle_6		
Trophy (Museum, Hack under Bridge)	Riddler Trophies	PickedUp_Museum_Pickup_17		
Trophy (Museum, Hack Far Right)	Riddler Trophies	PickedUp_Museum_Pickup_23		
Trophy (Museum, Fly to right of entrance)	Riddler Trophies	PickedUp_Museum_Pickup_11		
Trophy (Museum, Freeze Nade Near Iceberg Lounge)	Riddler Trophies	PickedUp_Museum_Pickup_12		
Trophy (Museum, Freeze Nade in Freeze Room)	Riddler Trophies	PickedUp_Museum_Pickup_15		
Trophy (Museum, Freeze Cell)	Riddler Trophies	PickedUp_Museum_Pickup_14		
Abramovici Riddle	Riddles	PickedUp_Museum_Riddle_5		
Titan Container (Museum)	Bane	Museum_C2.RTitanCrate_4.Broken		
Trophy (Museum, Gladiator Center Room)	Riddler Trophies	PickedUp_Museum_Pickup_22		
Trophy (Museum, Gladiator Right Room)	Riddler Trophies	PickedUp_Museum_Pickup_9		
Trophy (Park Row, 3 wallbounces [Get with Zsasz call])	Riddler Trophies	PickedUp_OWA_Pickup_8		
Trophy (Park Row, dive bomb [Get with Zsasz call])	Riddler Trophies	PickedUp_OWA_Pickup_10		
Trophy (Park Row, In Shelter [Get with Zsasz call])	Riddler Trophies	PickedUp_OWA_Pickup_13		
Trophy (Park Row, Disarm Turret Explosive Gel [Get with Zsasz])	Riddler Trophies	PickedUp_OWA_Pickup_7		
Construction Riddle	Riddles	PickedUp_OWA_Riddle_6		
Trophy (Park Row, Flashing questionmarks)	Riddler Trophies	PickedUp_OWA_Pickup_14		
Trophy (Park Row, Freeze Nade on Water)	Riddler Trophies	PickedUp_OWA_Pickup_36		
Trophy (Amusement, Gotham Casino Terrace)	Riddler Trophies	PickedUp_OWB_Pickup_4		
Trophy (Amusement, Freeze Nade Rec Gun Sphere)	Riddler Trophies	PickedUp_OWB_Pickup_7		
Trophy (Amusement, Fly 3 switches)	Riddler Trophies	PickedUp_OWB_Pickup_6		
Rec Gun Question Mark Riddle	Riddles	PickedUp_OWB_Riddle_1		
Trophy (Amusement, Timed Slide)	Riddler Trophies	PickedUp_OWB_Pickup_8		
Trophy (Park Row, Hack top of church)	Riddler Trophies	PickedUp_OWA_Pickup_18		
Azrael Done	Azrael	SS_Azrael_FinalConversationFinished		
Trophy (Park Row, Line Launch Switches Behind church)	Riddler Trophies	PickedUp_OWA_Pickup_20		
Trophy (Park Row, City Wall Behind Church)	Riddler Trophies	PickedUp_OWA_Pickup_21		
Trophy (Amusement, 3 Question Mark switches [across Olympus])	Riddler Trophies	PickedUp_OWB_Pickup_15		
Trophy (Amusement, Disrupt Mines near City Wall)	Riddler Trophies	PickedUp_OWB_Pickup_14		
Trophy (Amusement, Under Bridge)	Riddler Trophies	PickedUp_OWB_Pickup_26		
Scarecrow Riddle	Riddles	PickedUp_OWB_Riddle_9		
Trophy (Industrial, 5 running questionmarks)	Riddler Trophies	PickedUp_OWC_Pickup_19		
Trophy (Industrial, Spinning Wheel Question Marks)	Riddler Trophies	PickedUp_OWC_Pickup_29		
Titan Container (Industrial)	Bane	OW_RC5_ChB1.RTitanCrate_7.Broken		
Trophy (Industrial, Gel Wall Hack near Titan)	Riddler Trophies	PickedUp_OWC_Pickup_30		
Trophy (Industrial, Wood Wall Sionis)	Riddler Trophies	PickedUp_OWC_Pickup_35		
Trophy (Industrial, Alley Super Dodgems [gel])	Riddler Trophies	PickedUp_OWC_Pickup_23		
Trophy(Industrial, Alley Super Dodgems  [hack])	Riddler Trophies	PickedUp_OWC_Pickup_24		
AR Challenge 5	AR Training	ARChallenge5_Complete		
Trophy (Industrial, Rec Train Gel)	Riddler Trophies	PickedUp_OWC_Pickup_33		
Trophy (Industrial, Hard to Reach City Wall)	Riddler Trophies	PickedUp_OWC_Pickup_37		
Trophy (Industrial, Low Water Glide Cage)	Riddler Trophies	PickedUp_OWC_Pickup_36		
Black Mask Riddle	Riddles	PickedUp_OWC_Riddle_7		
Trophy (Industrial, City Wall near Steal Mill)	Riddler Trophies	PickedUp_OWC_Pickup_28		
Trophy (Industrial, Death Ride)	Riddler Trophies	PickedUp_OWC_Pickup_34		
Titan Container (Steel Mill)	Bane	Steel_C4.RTitanCrate_2.Broken		
Trophy (Steel Mill, Alcove Near Entrance)	Riddler Trophies	PickedUp_Steel_Pickup_22		
Harley Head (Steel Mill, Entrance)	Harley Head	PickedUp_Steel_HarleyHead_11		
Trophy (Steel Mill, Hack Near Water)	Riddler Trophies	PickedUp_Steel_Pickup_21		
Trophy (Steel Mill, Question Mark Vent before fight)	Riddler Trophies	PickedUp_Steel_Pickup_20		
Gothcorp Cryogenics Riddle	Riddles	PickedUp_Steel_Riddle_6		
Harley Head (Steel Mill, After Fight Cooling B)	Harley Head	PickedUp_Steel_HarleyHead_10		
Harley Head (Steel Mill, Cooling D After Fight)	Harley Head	PickedUp_Steel_HarleyHead_9		
Question Mark Riddle (Steel Mill)	Riddles	PickedUp_Steel_Riddle_1		
Trophy (Steel Mill, Cooling D Ceiling Grapple)	Riddler Trophies	PickedUp_Steel_Pickup_18		
Trophy (Steel Mill, Cooling D Ceiling Batclaw)	Riddler Trophies	PickedUp_Steel_Pickup_17		
Trophy (Steel Mill, Electric Batarang Pipe)	Riddler Trophies	PickedUp_Steel_Pickup_19		
Trophy (Steel Mill, Pull Grate)	Riddler Trophies	PickedUp_Steel_Pickup_16		
Harley Head (Steel Mill, Stacey 2)	Harley Head	PickedUp_Steel_HarleyHead_8		
Trophy (Steel Mill, Stacey 2 Cart)	Riddler Trophies	PickedUp_Steel_Pickup_15		
Hammer Riddle	Riddles	PickedUp_Steel_Riddle_5		
Harley Head (Steel Mill, Smelting Predator)	Harley Head	PickedUp_Steel_HarleyHead_6		
Joker Riddle	Riddles	PickedUp_Steel_Riddle_4		
Harley Head (Steel Mill, Loading Bay Corner)	Harley Head	PickedUp_Steel_HarleyHead_1		
Trophy (Steel Mill, Pipe near Elevator)	Riddler Trophies	PickedUp_Steel_Pickup_6		
Trophy (Steel Mill, Under Elevator)	Riddler Trophies	PickedUp_Steel_Pickup_8		
Trophy (Steel Mill, Elevator Ceiling)	Riddler Trophies	PickedUp_Steel_Pickup_7		
Harley Head (Steel Mill, Before Freeze Cluster Room)	Harley Head	PickedUp_Steel_HarleyHead_3		
Harley Head (Steel Mill, Cluster Grenade Room)	Harley Head	PickedUp_Steel_HarleyHead_12		
Trophy (Steel Mill, Penguins)	Riddler Trophies	PickedUp_Steel_Pickup_23		
Box of Tricks Riddle	Riddles	PickedUp_Steel_Riddle_7		
Freeze Cluster Grenade	Freeze Cluster Grenade	Equip_FreezeClusterGrenade		
Trophy (Steel Mill, Explosive Gel Freeze Cluster Room)	Riddler Trophies	PickedUp_Steel_Pickup_24		
Trophy (Steel Mill, Behind Fan and Lava)	Riddler Trophies	PickedUp_Steel_Pickup_5		
Trophy (Steel Mill, Behind Fan)	Riddler Trophies	PickedUp_Steel_Pickup_4		
Trophy (Steel Mill, In Floor)	Riddler Trophies	PickedUp_Steel_Pickup_2		
Trophy (Steel Mill, Bumper Cars Vent)	Riddler Trophies	PickedUp_Steel_Pickup_9		
Trophy (Steel Mill, Bumper Cars Freeze Nade)	Riddler Trophies	PickedUp_Steel_Pickup_10		
Harley Head (Steel Mill, Assembly Line Office)	Harley Head	PickedUp_Steel_HarleyHead_5		
Trophy (Steel Mill, Assembly Line Gel)	Riddler Trophies	PickedUp_Steel_Pickup_11		
Twins Riddle	Riddles	PickedUp_Steel_Riddle_3		
Trophy (Steel Mill, Hack)	Riddler Trophies	PickedUp_Steel_Pickup_3		
Harley Head (Steel Mill, Joker Room)	Harley Head	PickedUp_Steel_HarleyHead_2		
Harley Outfit Riddle	Riddles	PickedUp_Steel_Riddle_2		
Zsasz Riddle	Riddles	PickedUp_OWC_Riddle_6		
Trophy (Industrial, Water Alley Pipe)	Riddler Trophies	PickedUp_OWC_Pickup_25		
Pest Control Riddle	Riddles	PickedUp_OWC_Riddle_5		
Trophy (Industrial, Rec Gun Ball)	Riddler Trophies	PickedUp_OWC_Pickup_13		
Falcone Billboard Riddle	Riddles	PickedUp_OWC_Riddle_4		
Trophy (Industrial, Gel Roof Edge near Water)	Riddler Trophies	PickedUp_OWC_Pickup_9		
Trophy (Industrial, Line Launch near Water)	Riddler Trophies	PickedUp_OWC_Pickup_8		
Falcone Boat Riddle	Riddles	PickedUp_OWC_Riddle_2		
Nora	Freeze	SS_Nora_RoomExitUnlocked		
Queston Mark Riddle (Industrial)	Riddles	PickedUp_OWC_Riddle_1		
Trophy (Amusement, Water Alcove Under GCPD)	Riddler Trophies	PickedUp_OWB_Pickup_24		
Visit Freeze	Freeze	SS_Nora_NoraLocKnownToFreeze		
Arkham Asylum Riddle	Riddles	PickedUp_OWB_Riddle_2		
Batsignal Riddle	Riddles	PickedUp_OWB_Riddle_8		
Trophy (Amusement, GCPD Under Stairs)	Riddler Trophies	PickedUp_OWB_Pickup_25		
Ace Chemicals Riddle	Riddles	PickedUp_OWA_Riddle_15		
Tyger Brain (Bowery)	Tyger Brains	PickedUp_OWE_CameraControl_1		
Arkham City Plaque Riddle	Riddles	PickedUp_OWE_Riddle_6		
Trophy (Bowery, Wonder Tower Wall)	Riddler Trophies	PickedUp_OWE_Pickup_22		
Question Mark Riddle (Wonder Tower Entrance)	Riddles	PickedUp_OWE_Riddle_1		
Trophy (Bowery, Wonder Tower Entrance Water)	Riddler Trophies	PickedUp_OWE_Pickup_36		
Trophy (Bowery, Wonder Tower Entrance hack door)	Riddler Trophies	PickedUp_OWE_Pickup_39		
Dead Guard Riddle	Riddles	PickedUp_OWE_Riddle_10		
Trophy (Bowery, Wonder Tower Entrance Mirror)	Riddler Trophies	PickedUp_OWE_Pickup_37		
Trophy (Bowery, Wonder Tower Entrance Gel)	Riddler Trophies	PickedUp_OWE_Pickup_38		
Trophy (Wonder Tower, Collapsed West Freeze Water Batclaw)	Riddler Trophies	PickedUp_Underworld_Pickup_13		
Trophy (Wonder Tower, Collapsed West Corner Platform)	Riddler Trophies	PickedUp_Underworld_Pickup_15		
Trophy (Wonder Tower, Collapsed West Hack on Wall)	Riddler Trophies	PickedUp_Underworld_Pickup_14		
Trophy (Wonder Tower, Collapsed West Frozen on Water)	Riddler Trophies	PickedUp_Underworld_Pickup_16		
Trophy (Wonder Tower, Collapsed West Questionmark Gel)	Riddler Trophies	PickedUp_Underworld_Pickup_17		
Titan Contaner (Wonder Tower)	Bane	Under_A3.RTitanCrate_3.Broken		
Trophy (Wonder Tower, Hack)	Riddler Trophies	PickedUp_Underworld_Pickup_9		
Trophy (Wonder Tower, Collapsed South Across Door)	Riddler Trophies	PickedUp_Underworld_Pickup_3		
Trophy (Wonder Tower, Collapsed South Hack Door)	Riddler Trophies	PickedUp_Underworld_Pickup_8		
Trophy (Wonder Tower, Collapsed South Freeze Water)	Riddler Trophies	PickedUp_Underworld_Pickup_7		
Trophy (Wonder Tower, Collapsed South Grapnel Boost)	Riddler Trophies	PickedUp_Underworld_Pickup_4		
Trophy (Wonder Tower, Collapsed South Freeze Pipes)	Riddler Trophies	PickedUp_Underworld_Pickup_2		
Trophy (Wonder Tower, Collapsed South Room up top)	Riddler Trophies	PickedUp_Underworld_Pickup_1		
Trophy (Wonder Tower, Collapsed South Gel Hack)	Riddler Trophies	PickedUp_Underworld_Pickup_5		
Trophy (Wonder Tower, Collapsed South Upper Room Ceiling)	Riddler Trophies	PickedUp_Underworld_Pickup_6		
Trophy (Wonder Tower, Wonder City Mine)	Riddler Trophies	PickedUp_Underworld_Pickup_23		
Demon Head (Wonder Tower, Elevator Shaft)	Demon Heads	PickedUp_Underworld_DemonSeal_11		
Gotham City Plaque Riddle	Riddles	PickedUp_Underworld_Riddle_6		
Demon Seal (Wonder Tower, Elevator Entrance)	Demon Seals	PickedUp_Underworld_DemonSeal_9		
Trophy (Wonder Tower, Side of building)	Riddler Trophies	PickedUp_Underworld_Pickup_25		
Demon Seal (Wonder Tower, Elevator Shaft)	Demon Seals	PickedUp_Underworld_DemonSeal_10		
Question Mark Riddle (Wonder Tower)	Riddles	PickedUp_Underworld_Riddle_1		
Trophy (Wonder Tower, Near Top)	Riddler Trophies	PickedUp_Underworld_Pickup_26		
Tyger Brain (Park Row)	Tyger Brains	PickedUp_OWA_CameraControl_1		
Clayface Fight	Main Story	Ch8_Entered_Theatre		
Trophy (Bowery, Rec gun sphere)	Riddler Trophies	PickedUp_OWE_Pickup_28		
Trophy (Park Row, 2 mine disrupts [with zsasz call])	Riddler Trophies	PickedUp_OWA_Pickup_29		
Trophy (Park Row, 3 questionmark gel by hoboshelter)	Riddler Trophies	PickedUp_OWA_Pickup_9		
Deadshot Victim 2	Deadshot	SS_DeadShot_Hobo2_RustScanned		
Trophy (Industrial, 3 switch tower)	Riddler Trophies	PickedUp_OWC_Pickup_4		
Tyger Brain (Industrial)	Tyger Brains	PickedUp_OWC_CameraControl_1		
Trophy (Industrial, Dive bomb near city wall)	Riddler Trophies	PickedUp_OWC_Pickup_3		
Trophy (Industrial, Gel Rec near dive bomb switch)	Riddler Trophies	PickedUp_OWC_Pickup_2		
Trophy (Industrial, City Wall near Tunnels)	Riddler Trophies	PickedUp_OWC_Pickup_18		
Teeth (Subway, Industrial entrance)	Joker Teeth	PickedUp_OWD_Teeth_1		
Trophy (Subway, Electric Switch)	Riddler Trophies	PickedUp_OWD_Pickup_27		
Teeth (Subway, After Trophy)	Joker Teeth	PickedUp_OWD_Teeth_2		
Trophy (Subway, Line Launch)	Riddler Trophies	PickedUp_OWD_Pickup_21		
Croc Riddle	Riddles	PickedUp_OWD_Riddle_5		
Trophy (Subway, Freeze Nade under bridge)	Riddler Trophies	PickedUp_OWD_Pickup_23		
Trophy (Subway, Impossible)	Riddler Trophies	PickedUp_OWD_Pickup_24		
Trophy (Subway, Impossible)	Riddler Trophies	PickedUp_OWD_Pickup_25		
Trophy (Subway, Impossible)	Riddler Trophies	PickedUp_OWD_Pickup_26		
Teeth (Subway, After Impossible room)	Joker Teeth	PickedUp_OWD_Teeth_3		
Trophy (Subway, Line Launch after impossible room)	Riddler Trophies	PickedUp_OWD_Pickup_22		
Teeth (Subway, After line launch)	Joker Teeth	PickedUp_OWD_Teeth_4		
Teeth (Subway, Predator Room Entrance from Industrial)	Joker Teeth	PickedUp_OWD_Teeth_5		
Trophy (Subway, Grate Room Left of Entrance)	Riddler Trophies	PickedUp_OWD_Pickup_12		
Trophy (Subway, Corner Terminal Rec door)	Riddler Trophies	PickedUp_OWD_Pickup_18		
Teeth (Subway, Wonder Tower Door)	Joker Teeth	PickedUp_OWD_Teeth_6		
Trophy (Subway, Hack Wonder Tower Door)	Riddler Trophies	PickedUp_OWD_Pickup_20		
Trophy (Subway, Frozen Water Wonder Tower Door)	Riddler Trophies	PickedUp_OWD_Pickup_19		
Santa Prisca Riddle	Riddles	PickedUp_OWD_Riddle_4		
Teeth (Subway, Right side of Predator)	Joker Teeth	PickedUp_OWD_Teeth_7		
Trophy (Subway, Right side of predator room lower	Riddler Trophies	PickedUp_OWD_Pickup_16		
Trophy (Subway, Electric Switch Right of Predator)	Riddler Trophies	PickedUp_OWD_Pickup_17		
Trophy (Subway, Subway car)	Riddler Trophies	PickedUp_OWD_Pickup_14		
Trophy (Subway, fly through wall)	Riddler Trophies	PickedUp_OWD_Pickup_11		
Trophy (Subway, Hack under gargoyle)	Riddler Trophies	PickedUp_OWD_Pickup_15		
Teeth (Subway, Before Titan Door)	Joker Teeth	PickedUp_OWD_Teeth_8		
Trophy (Subway, Electric Floor Room)	Riddler Trophies	PickedUp_OWD_Pickup_9		
Trophy (Subway, Electric Floor Room)	Riddler Trophies	PickedUp_OWD_Pickup_10		
Trophy (Subway, Electric Floor Room)	Riddler Trophies	PickedUp_OWD_Pickup_8		
Trophy (Subway, Timed switch 3 questionmarks)	Riddler Trophies	PickedUp_OWD_Pickup_7		
Grundy Riddle	Riddles	PickedUp_OWD_Riddle_3		
Titan Container (Subway)	Bane	OW_D2_ChB19.RTitanCrate_5.Broken		
Subway Question Mark Riddle	Riddles	PickedUp_OWD_Riddle_1		
Trophy (Behind Subway Car)	Riddler Trophies	PickedUp_OWD_Pickup_6		
Teeth (Subway, On top of subway car)	Joker Teeth	PickedUp_OWD_Teeth_9		
Teeth (Subway, In front of vent)	Joker Teeth	PickedUp_OWD_Teeth_10		
Trophy (Subway, hack subway car behind door)	Riddler Trophies	PickedUp_OWD_Pickup_5		
Teeth (Subway, Middle of lower station)	Joker Teeth	PickedUp_OWD_Teeth_12		
Trophy (Subway, in grate lower station)	Riddler Trophies	PickedUp_OWD_Pickup_3		
Vicki Vale Riddle	Riddles	PickedUp_OWD_Riddle_2		
Trophy (Subway, Vent near Vicki poster)	Riddler Trophies	PickedUp_OWD_Pickup_1		
Trophy (Subway, vent gel upper station)	Riddler Trophies	PickedUp_OWD_Pickup_4		
Trophy (Subway, Hack upper station)	Riddler Trophies	PickedUp_OWD_Pickup_2		
Teeth (Subway, Upper station)	Joker Teeth	PickedUp_OWD_Teeth_11		
Hush 3 Start (near ACE)	Hush	SS_Hush_Victim3_SceneComplete		
Puppet Riddle	Riddles	PickedUp_OWE_Riddle_8		
Strange Riddle	Riddles	PickedUp_OWA_Riddle_11		
AR Challenge 8	AR Training	ARChallenge8_Complete		
Question Mark Riddle (Park Row Courthouse)	Riddles	PickedUp_OWA_Riddle_1		
Trophy (Park Row, Switch across from courthouse)	Riddler Trophies	PickedUp_OWA_Pickup_24		
Mad Hatter	Mad Hatter	MadHatter_KnockedOut_Check		
Alice in Wonderland Riddle	Riddles	PickedUp_OWA_Riddle_10		
Hush 3 End	Hush	SS_Hush_Victim3_TrailComplete		
Trophy (Park Row, Live Nudes Building)	Riddler Trophies	PickedUp_OWA_Pickup_22		
Trophy (Park Row, City Wall Near Live Nudes Building)	Riddler Trophies	PickedUp_OWA_Pickup_1		
Deadshot Victim 3 Start	Deadshot	SS_DeadShot_Hobo3_RicochetScanned		
Harvey Dent Riddle [Get before Zsasz call]	Riddles	PickedUp_OWA_Riddle_2		
Trophy (Park Row, 4 gel questionmarks)	Riddler Trophies	PickedUp_OWA_Pickup_3		
Trophy (Park Row, City Wall near Courthouse)	Riddler Trophies	PickedUp_OWA_Pickup_4		
Trophy (Park Row, Gel & Rec near City wall)	Riddler Trophies	PickedUp_OWA_Pickup_2		
Trophy (Park Row, Courthouse cell electric cell)	Riddler Trophies	PickedUp_OWA_Pickup_6		
Calendar Man Riddle	Riddles	PickedUp_OWA_Riddle_4		
Trophy (Park Row, Courthouse ceiling above stairs)	Riddler Trophies	PickedUp_OWA_Pickup_5		
Two face riddle	Riddles	PickedUp_OWA_Riddle_3		
Riddler Courthouse Hostage	Riddler Mission	Riddler_Court_Hostage_Saved		
Catwoman House Riddle	Riddles	PickedUp_OWA_Riddle_5		
Hush Done	Hush	SS_Hush_Complete		
Trophy (Park Row, Freeze Nade Stacked near Church (under deadshot 3)	Riddler Trophies	PickedUp_OWA_Pickup_12		
Deadshot Victim 3 End	Deadshot	SS_DeadShot_Hobo3_AmmoniaScanned		
Trophy (Amusement, City Wall near Ivy)	Riddler Trophies	PickedUp_OWB_Pickup_3		
Ivy Container Riddle	Riddles	PickedUp_OWB_Riddle_3		
Trophy (Amusement, Gel Wall Near Ivy)	Riddler Trophies	PickedUp_OWB_Pickup_1		
Last Riddler Hostage/Zsasz Call	Riddler Mission	SS_Riddler_Hostage5_Saved		
Freeze/Nora Riddle	Riddles	PickedUp_OWC_Riddle_9		
Trophy (Industrial, Near Zsasz)	Riddler Trophies	PickedUp_OWC_Pickup_17		
News Stand Riddle	Riddles	PickedUp_OWC_Riddle_3		
Zsasz Done	Zsasz	SS_Zsasz_Confronted		
Realtor Riddle (Zsasz)	Riddles	PickedUp_OWC_Riddle_8		
Trophy (Industrial, Zsasz Electric Batarang)	Riddler Trophies	PickedUp_OWC_Pickup_39		
Trophy (Industrial, Zsasz Side of Room)	Riddler Trophies	PickedUp_OWC_Pickup_38		
Trophy (Industrial, 3 wood walls ferris wheel [political prisoner])	Riddler Trophies	PickedUp_OWC_Pickup_7		Map this to a political prisoner
Trophy (Industrial, Freeze Nade mine ferris wheel [political prisoner])	Riddler Trophies	PickedUp_OWC_Pickup_10		Map this to a political prisoner
Trophy (Industrial, 3 fast question marks ferris wheel [political prisoner])	Riddler Trophies	PickedUp_OWC_Pickup_11		Map this to a political prisoner
Trophy (Industrial, 3 switches near Subway)	Riddler Trophies	PickedUp_OWC_Pickup_20		Map this to a political prisoner
Trophy (Industrial, Under Excavator)	Riddler Trophies	PickedUp_OWC_Pickup_21		Map this to a political prisoner
Camera (Industrial, east of phone)	Breakable Cameras (Industrial)	PickedUp_OWC_Camera_5		
Camera (Industrial, west of phone)	Breakable Cameras (Industrial)	PickedUp_OWC_Camera_4		
Camera (Industrial, Behind Truck)	Breakable Cameras (Industrial)	PickedUp_OWC_Camera_3		
Camera (Industrial, NorthWest)	Breakable Cameras (Industrial)	PickedUp_OWC_Camera_1		
Camera (Industrial, Alley near AR4 [north])	Breakable Cameras (Industrial)	PickedUp_OWC_Camera_2		
Camera (Industrial, Steel Mill Gate)	Breakable Cameras (Industrial)	PickedUp_OWC_Camera_7		
Camera (Industrial, Funland Gate)	Breakable Cameras (Industrial)	PickedUp_OWC_Camera_8		
Camera (Industrial, Joker Funland Sign/phone)	Breakable Cameras (Industrial)	PickedUp_OWC_Camera_6		
Camera (Industrial, Super Dodgems)	Breakable Cameras (Industrial)	PickedUp_OWC_Camera_11		
Camera (Industrial, Across Super Dodgems)	Breakable Cameras (Industrial)	PickedUp_OWC_Camera_12		
Camera (Industrial, Death Ride)	Breakable Cameras (Industrial)	PickedUp_OWC_Camera_10		
Camera (Industrial, Steel Mill Predator)	Breakable Cameras (Industrial)	PickedUp_OWC_Camera_9		
Balloon (Industrial, south of phone)	Balloons (Industrial)	PickedUp_OWC_Balloons_3		
Balloon (Industrial, Joker's Funland Sign)	Balloons (Industrial)	PickedUp_OWC_Balloons_6		
Balloon (Industrial, Path to AR training)	Balloons (Industrial)	PickedUp_OWC_Balloons_1		
Balloon (Industrial, Tricorner Naval Sign)	Balloons (Industrial)	PickedUp_OWC_Balloons_7		
Balloon (Industrial, Steel Mill)	Balloons (Industrial)	PickedUp_OWC_Balloons_11		
Balloon (Industrial, Ferris Wheel)	Balloons (Industrial)	PickedUp_OWC_Balloons_5		
Balloon (Industrial, Sionis)	Balloons (Industrial)	PickedUp_OWC_Balloons_10		
Balloon (Industrial, Crane)	Balloons (Industrial)	PickedUp_OWC_Balloons_2		
Balloon (Industrial, Excavator)	Balloons (Industrial)	PickedUp_OWC_Balloons_8		
Balloon (Industrial, Super Dodgems Roof))	Balloons (Industrial)	PickedUp_OWC_Balloons_9		
Balloon (Industrial, Big Toy Soldier)	Balloons (Industrial)	PickedUp_OWC_Balloons_12		
Balloon (Industrial, By Ferris Wheel [political prisoner])	Balloons (Industrial)	PickedUp_OWC_Balloons_4		Map this to a political prisoner
Krank & co Riddle	Riddles	PickedUp_OWB_Riddle_10		
Trophy (Amusement, Behind Bane Building)	Riddler Trophies	PickedUp_OWB_Pickup_29		
Trophy (Amusement, Freeze Nade under Bane)	Riddler Trophies	PickedUp_OWB_Pickup_28		
Trophy (Amusement, Bane Building Roof)	Riddler Trophies	PickedUp_OWB_Pickup_30		
Bane Done	Bane	SS_Bane_StashCrateDestroyed		
Trophy (Amusement, Wood Wall GCPD)	Riddler Trophies	PickedUp_OWB_Pickup_22		
Gordon Parking Spot Riddle	Riddles	PickedUp_OWB_Riddle_7		
Tyger Brain (Amusement)	Tyger Brains	PickedUp_OWB_CameraControl_1		
Trophy (Amusement, Terrible Water Gel Puzzle)	Riddler Trophies	PickedUp_OWB_Pickup_9		
Camera (Amusement, On Bridge)	Breakable Cameras (Amusement)	PickedUp_OWB_Camera_9		
Camera (Amusement, Before Bridge)	Breakable Cameras (Amusement)	PickedUp_OWB_Camera_10		
Camera (Amusement, Bridge)	Breakable Cameras (Amusement)	PickedUp_OWB_Camera_2		
Camera (Amusement, Gotham Casino)	Breakable Cameras (Amusement)	PickedUp_OWB_Camera_8		
Camera (Amusement, Across Gotham Casino)	Breakable Cameras (Amusement)	PickedUp_OWB_Camera_7		
Camera (Amusement, GCPD Door)	Breakable Cameras (Amusement)	PickedUp_OWB_Camera_5		
Camera (Amusement, Next to phone Casino)	Breakable Cameras (Amusement)	PickedUp_OWB_Camera_3		
Camera (Amusement, Ivy)	Breakable Cameras (Amusement)	PickedUp_OWB_Camera_11		
Camera (Amusement, Casino Terrace)	Breakable Cameras (Amusement)	PickedUp_OWB_Camera_12		
Camera (Amusement, Next to snipers)	Breakable Cameras (Amusement)	PickedUp_OWB_Camera_6		
Camera (Amusement, Sea Pier)	Breakable Cameras (Amusement)	PickedUp_OWB_Camera_4		
Camera (Amusement, Across Church)	Breakable Cameras (Amusement)	PickedUp_OWB_Camera_1		
Balloon (Amusement, On Bridge)	Balloons (Amusement)	PickedUp_OWB_Balloons_5		
Balloon (Amusement, GCR)	Balloons (Amusement)	PickedUp_OWB_Balloons_3		
Balloon (Amusement, Before Bridge)	Balloons (Amusement)	PickedUp_OWB_Balloons_4		
Balloon (Amusement, Gotham Casino)	Balloons (Amusement)	PickedUp_OWB_Balloons_1		
Balloon (Amusement, Olympus)	Balloons (Amusement)	PickedUp_OWB_Balloons_2		
Balloon (Amusement, GCPD)	Balloons (Amusement)	PickedUp_OWB_Balloons_10		
Balloon (Amusement, Across GCPD)	Balloons (Amusement)	PickedUp_OWB_Balloons_11		
Balloon (Amusement, Gotham Casino Dice)	Balloons (Amusement)	PickedUp_OWB_Balloons_7		
Balloon (Amusement, Near Ivy)	Balloons (Amusement)	PickedUp_OWB_Balloons_8		
Balloon (Amusement, Gotham Casino)	Balloons (Amusement)	PickedUp_OWB_Balloons_12		
Balloon (Amusement, GCR)	Balloons (Amusement)	PickedUp_OWB_Balloons_6		
Balloon (Amusement, City Wall)	Balloons (Amusement)	PickedUp_OWB_Balloons_9		
Trophy (Amusement, Fly to switch [before zsasz call])	Riddler Trophies	PickedUp_OWB_Pickup_11		
Trophy (Amusement, Next to Deadshot phone)	Riddler Trophies	PickedUp_OWB_Pickup_10		
Trophy (Park Row, Rec Gun Alley Door [political prisoner])	Riddler Trophies	PickedUp_OWA_Pickup_30		Map this to a political prisoner
Trophy (Park Row, Rec Gun Sphere near ace [political prisoner])	Riddler Trophies	PickedUp_OWA_Pickup_15		Map this to a political prisoner
Trophy (Park Row, West of Courthouse [political prisoner])	Riddler Trophies	PickedUp_OWA_Pickup_23		Map this to a political prisoner
Trophy (Park Row, Far question mark [political prisoner])	Riddler Trophies	PickedUp_OWA_Pickup_27		Map this to a political prisoner
Camera (Park Row, Next to Courthouse)	Breakable Cameras (Park Row)	PickedUp_OWA_Camera_5		
Camera (Park Row, Near Lounge near courthouse)	Breakable Cameras (Park Row)	PickedUp_OWA_Camera_7		
Camera (Park Row, Near Stripclub near courthouse)	Breakable Cameras (Park Row)	PickedUp_OWA_Camera_6		
Camera (Park Row, Near Church)	Breakable Cameras (Park Row)	PickedUp_OWA_Camera_10		
Camera (Park Row, by phone)	Breakable Cameras (Park Row)	PickedUp_OWA_Camera_11		
Camera (Park Row, Across from Plant Riddle)	Breakable Cameras (Park Row)	PickedUp_OWA_Camera_1		
Camera (Park Row, Near Beginning  [with zsasz call])	Breakable Cameras (Park Row)	PickedUp_OWA_Camera_2		
Camera (Park Row, Alley near beginning  [with zsasz call])	Breakable Cameras (Park Row)	PickedUp_OWA_Camera_3		
Camera (Park Row, Shelter [Get with Zsasz call])	Breakable Cameras (Park Row)	PickedUp_OWA_Camera_12		
Camera (Park Row, City Wall near Church)	Breakable Cameras (Park Row)	PickedUp_OWA_Camera_9		
Camera (Park Row, Liquors/across Finnigans)	Breakable Cameras (Park Row)	PickedUp_OWA_Camera_8		
Camera (Park Row, Monarch Theater)	Breakable Cameras (Park Row)	PickedUp_OWA_Camera_4		
Deadshot Done	Deadshot	SS_Deadshot_DeadshotDefeated		
AR Challenge 6	AR Training	ARChallenge6_Complete		
Best Behavior Tyger Riddle	Riddles	PickedUp_OWE_Riddle_9		
Trophy (Bowery, City Wall Bottom Left)	Riddler Trophies	PickedUp_OWE_Pickup_32		
Trophy (Bowery, Freeze Nade near Wonder Tower Entrance)	Riddler Trophies	PickedUp_OWE_Pickup_19		Map this to a political prisoner
Trophy (Bowery, Hack Building Across Wonder Tower Entrance)	Riddler Trophies	PickedUp_OWE_Pickup_34		
Trophy (Bowery, 6 Questionmarks under bridge)	Riddler Trophies	PickedUp_OWE_Pickup_14		
Trophy (Bowery, 2 far questionmarks [political prisoner])	Riddler Trophies	PickedUp_OWE_Pickup_21		Map this to a political prisoner
Trophy (Bowery, Left of Museum)	Riddler Trophies	PickedUp_OWE_Pickup_25		Map this to a political prisoner
Trophy (Bowery, Museum Roof)	Riddler Trophies	PickedUp_OWE_Pickup_23		
Trophy (Bowery, Back of Museum)	Riddler Trophies	PickedUp_OWE_Pickup_3		Map this to a political prisoner
Trophy (Bowery, Rec Door Near Back Museum Phone)	Riddler Trophies	PickedUp_OWE_Pickup_4		Map this to a political prisoner
Camera (Bowery, Jezebel Center)	Breakable Cameras (Bowery)	PickedUp_OWE_Camera_10		
Camera (Bowery, Near rec gun Gate)	Breakable Cameras (Bowery)	PickedUp_OWE_Camera_8		
Camera (Bowery, Subway Platform)	Breakable Cameras (Bowery)	PickedUp_OWE_Camera_2		
Camera (Bowery, Museum)	Breakable Cameras (Bowery)	PickedUp_OWE_Camera_3		
Camera (Bowery, Gotham Bank)	Breakable Cameras (Bowery)	PickedUp_OWE_Camera_9		
Camera (Bowery, Near Subway)	Breakable Cameras (Bowery)	PickedUp_OWE_Camera_7		
Camera (Bowery, Across from Museum)	Breakable Cameras (Bowery)	PickedUp_OWE_Camera_11		
Camera (Bowery, Quincy Sharp Alley)	Breakable Cameras (Bowery)	PickedUp_OWE_Camera_6		
Camera (Bowery, City Wall Near Quincy Sharp)	Breakable Cameras (Bowery)	PickedUp_OWE_Camera_5		
Camera (Bowery, Gotham Bank  [with zsasz call])	Breakable Cameras (Bowery)	PickedUp_OWE_Camera_12		
Camera (Bowery, Across from Back of Museum)	Breakable Cameras (Bowery)	PickedUp_OWE_Camera_1		
Camera (Bowery, Across from City Wall Trophy)	Breakable Cameras (Bowery)	PickedUp_OWE_Camera_4		
(Industrial, Near Subway Entrance)	Political Prisoner	ArkhamBullyOWRC3_Saved		
(Industrial, Ferris Wheel)	Political Prisoner	ArkhamBullyOWRC2a_Saved		
(Industrial, Gotham Hardware [near city wall])	Political Prisoner	ArkhamBullyOWRC1a_Saved		
(Industrial, North near ferris wheel)	Political Prisoner	ArkhamBullyOWRC2b_Saved		
(Industrial, Near Water across Hot Dog)	Political Prisoner	ArkhamBullyOWRC1b_Saved		
(Park Row, Narrow Alley near City Wall)	Political Prisoner	ArkhamBullyOWA7b_Saved		
(Park Row, Near Ace)	Political Prisoner	ArkhamBullyOWA8_Saved		
(Park Row, Between Courthouse and church)	Political Prisoner	ArkhamBullyOWA7a_Saved		
(Park Row, South West of courthouse)	Political Prisoner	ArkhamBullyOWR3_Saved		
(Park Row, Near Church)	Political Prisoner	ArkhamBullyOWA7c_Saved		
(Bowery, Behind Museum)	Political Prisoner	ArkhamBullyOWE1a_Saved		
(Bowery, Near Wonder Tower Entrance)	Political Prisoner	ArkhamBullyOWRE1_Saved		
(Bowery, Middle)	Political Prisoner	ArkhamBullyOWE4_Saved		
(Bowery, Left of Museum)	Political Prisoner	ArkhamBullyOWE5_Saved		
(Bowery, Back Right of Museum)	Political Prisoner	ArkhamBullyOWE1b_Saved		
Trophy (Bowery, 3 switches Near Riddler)	Riddler Trophies	PickedUp_OWE_Pickup_2		
Trophy (Bowery, Right before Riddler)	Riddler Trophies	PickedUp_OWE_Pickup_7		
Riddler Done	Riddler Mission	RiddlerBeaten		
Done				